Hi-Vol,,LSC    (bgd 1.246 cpm),,,,Efficency,,N0 / SCM Flow,,,[2]Bulk,,SO4 Anions,,  SO4 Rev
Sample ID,Range Collected,CPM,CPM - bgd,DPM,σ ,N,Δt (days),N0,atoms/m3,Error Propogation,atoms/m3,,μS/mL,μmol/m3,Bulk μS
UH2a S35 1/2,5/21-5/28/2019,1.561,0.315,0.44929,0.137,81670.97,115,203098.7,18,1.77E-05,37,,,,5.1175
UH3a S35 1/2,5/29-6/4/2019,1.855,0.609,0.86929,0.166,158018.39,107,368828.4,39,2.52E-05,78,,,,5.0784
UH5a S35 1/2,6/11-6/18/2019,1.588,0.342,0.48786,0.12,88682.46,94,186736.8,16,1.50E-05,33,,,,1.2847
UH6b S35 1/2,6/18-6/20/2019,1.92,0.674,0.96214,0.134,174897.92,73,311838.5,104,6.39E-05,208,,,,1.1579
UH7a S35 1/4?,6/20-6/24/2019,1.95,0.704,1.005,0.183,182688.47,83,352581.6,55,4.05E-05,109,,,,0.7314
UH7b SO4-->S35 1/2,6/20-6/24/2019,1.906,0.66,0.94214,0.113,171262.33,72,302946.9,47,2.50E-05,94,,,,1.1057
UH8a S35 1/2,6/24-6/27/2019,1.963,0.717,1.02357,0.194,186064.38,66,313852.7,62,5.51E-05,125,,,,1.3489
UH9a S35 1/2,6/27-7/2/2019,1.791,0.545,0.77786,0.17,141398.54,64,234761.5,31,3.16E-05,61,,,,1.8555
UH11a S35 1/2,7/3-7/6/2019,1.402,0.156,0.22214,0.142,40381.03,51,60483.2,13,4.40E-05,26,,,,0.6424
UH13a S35 1/2,7/8-7/9/2019,1.392,0.146,0.20786,0.117,37784.18,54,57954.7,48,1.39E-04,96,,,,1.1597
UH14a S35 1/2,7/11-7/12/2019,1.352,0.106,0.15071,0.149,27396.78,52,41361.6,42,2.15E-04,83,,,,0.8866
UH15a S35 1/2,7/16-7/17/2019,1.51,0.264,0.37643,0.103,68427.03,47,99294.2,74,1.09E-04,148,,,,1.2380
UH15b S35 1/2,7/16/-7/17/2019,1.528,0.282,0.40214,0.235,73101.36,48,106920.7,80,2.50E-04,159,,,, 
UH15c S35 1/2,7/16-7/17/2019,1.6,0.354,0.505,0.165,91798.69,48,134268.1,100,1.76E-04,201,,,,1.5863
UH18c S35 1/2,7/24-7/26/2019,3.485,2.239,3.19786,0.399,581305.11,34,760984.5,242,1.82E-04,485,,,,2.7990
UH19c S35 1/2,7/26-7/30/2019,1.96,0.714,1.01929,0.223,185285.32,31,236860,39,5.18E-05,77,,,,4.6544
UH20a S35 1/2,7/31-8/2/2019,2.755,1.509,2.155,0.325,391734.98,42,546369.9,190,1.62E-04,381,,,,2.3823
UH21c S35 1/2,7/31-8/1/2019,2.444,1.198,1.71071,0.303,310972.92,24,376089.1,282,3.25E-04,564,,,,1.3331
UH21d S35 1/2,7/31-8/1/2019,2.191,0.945,1.34929,0.259,245272.58,38,331422.5,248,2.77E-04,497,,,,1.2624
UH22c S35 1/2,8/2-8/5/2019,2.988,1.742,2.48786,0.296,452241.61,13,501296.9,110,9.28E-05,220,,,,2.0223
UH22d S35 1/2,8/2-8/5/2019,3.359,2.113,3.01786,0.23,548584.79,14,612926.7,152,8.14E-05,304,,,,2.4091
UH23a S35 1/2,8/5-8/9/2019,2.742,1.496,2.13643,0.219,388359.08,33,504388,168,1.04E-04,336,,,,2.8743
UH24a S35 1/2,8/7-8/12/2019,5.768,4.522,6.45929,0.325,1174166.21,18,1354115.6,170,5.83E-05,340,,,,5.3443
UH25a S35 1/2,8/12-8/15/2019,3.621,2.375,3.39214,0.104,616622.29,26,757649.1,162,3.19E-05,325,,,,3.1118
UH26a S35 1/2,8/15-8/19/2019,5.162,3.916,5.59357,0.254,1016797.04,9,1091936.4,176,5.85E-05,352,,,,2.9469
UH27a S35 1/2,8/19-8/26/2019,7.079,5.833,8.33214,0.282,1514613.39,19,1760630.8,161,3.68E-05,321,,,,7.6769
UH28a S35 1/2,8/26-9/3/2019,9.178,7.932,11.33071,0.629,2059692.43,15,2319570.2,197,7.63E-05,394,,,,9.8803
UH29a S35 1/2,9/3-9/10/2019,5.879,4.633,6.61786,0.651,1202991.26,13,1333481.3,146,1.02E-04,291,,,,6.2261
UH30a S35 1/2,9/9-9/17/2019,8.128,6.882,9.83071,0.472,1787023.07,10,1934343.4,163,5.70E-05,327,,,,7.3213
UH34a S35 1/2,9/17-9/24/2019,3.594,2.348,3.35357,0.239,609610.79,9,654659.9,63,3.30E-05,127,,4.85,,5.1843
UH35a S35 1/2,9/24-9/30/2019,7.26,6.014,8.59071,0.304,1561616.39,9,1677016.9,165,4.29E-05,331,,5.448,,5.8458
UH38a S35 1/2,9/30-10/7/2019,9.418,8.172,11.67357,0.361,2122016.85,11,2315221.8,204,4.54E-05,407,,4.808,,5.2340
UH42a S35 1/2,10/7-10/14/2019,12.659,11.413,16.30357,0.592,2963656.29,22,3527892.8,314,7.53E-05,628,,7.153,,7.2359
UH44a S35 1/2,10/14-10/18/2019,5.597,4.351,6.215,0.399,1129760.06,13,1252306.6,182,8.29E-05,364,,5.488,,5.4878
UH46a S351/2,10/18-10/22/2019,4.739,3.493,4.98929,0.343,906950.24,10,981718.3,167,8.36E-05,335,,3.221,,3.5056
UH48a-->b S35 1/2,10/22-10/25/2019,3.565,2.319,3.31214,0.365,602079.92,25,733943.6,164,1.17E-04,328,,,,1.3248
PH2b S35 1/2,10/25-10/28/2019,6.091,4.845,6.92071,0.343,1258044.5,15,1416775.9,312,1.08E-04,624,,,,2.3656
PH4b S35 1/2,10/28-11/1/2019,10.712,9.466,13.52214,0.297,2458049.38,11,2681849.3,395,6.26E-05,791,,,,4.4704
PH4b S35 1/2,10/28-11/1/2019,4.398,3.152,4.50214,0.36,818397.62,91,1682811.8,248,7.58E-05,496,,,,4.4704
PH6b S35 1/2,11/1-11/5/2019,7.596,6.35,9.07071,0.28,1648870.59,12,1813304.3,295,6.51E-05,590,,,,2.6715
PH8b S35 1/2,11/5-11/8/2019,5.517,4.271,6.10071,0.242,1108985.25,20,1299369.4,256,6.81E-05,512,,,,4.0139
PH10b S35 1/2,11/8-11/12/2019,6.722,5.476,7.82214,0.24,1421905.81,9,1526982,240,5.38E-05,479,,,,6.4272
PH12b S35 1/2,11/12-11/15/2019,5.168,3.922,5.60214,0.316,1018355.15,9,1093609.7,226,9.32E-05,451,,,,5.7511
PH14b S35 1/2,11/15-11/22/2019,8.833,7.587,10.83786,0.342,1970101.07,17,2254106,201,4.37E-05,403,,,,5.3162
PH16b S35 1/2,11/22-11/30/19,8.39,7.144,10.205,0.598,1855060.56,18,2139361.9,167,6.65E-05,333,,,,4.1319
PH18b S35 1/2,11/30-12/5/19,4.479,3.233,4.61786,0.145,839432.11,13,930486.4,119,2.65E-05,238,,,,
PH20b S35 1/2,12/5-12/9/19,3.913,2.667,3.80929,0.219,692450.34,8,737753.7,114,4.84E-05,228,,,,
PH22b S35 1/2,12/9-12/12/19,3.022,1.776,2.53643,0.223,461070.91,6,483514.8,100,6.58E-05,200,,,,
PH24b S35 1/2,12/12-12/16/19,4.543,3.297,4.70929,0.323,856051.96,9,919312.6,142,7.13E-05,284,,,,3.6178
PH26b S35 1/2,12/17-12/20/19,6.962,5.716,8.165,0.387,1484230.23,11,1619366.1,313,1.07E-04,626,,,,1.7077
PH28b S35 1/2,12/20-12/24/19,6.388,5.142,7.345,0.312,1335170.98,9,1433837.6,226,7.02E-05,451,,,,1.9562
PH30b S35 1/2,12/24-12/27/2019,3.61,2.364,3.37643,0.204,613765.75,8,653921.2,135,6.02E-05,270,,,,1.2633
PH32b S35 1/2,12/27-12/31/2019,5.026,3.78,5.39929,0.339,981479.86,10,1062392.1,170,7.77E-05,341,,,,1.3549
PH34b S35 1/2,12/31-1/4/2020,5.985,4.739,6.76929,0.306,1230517.88,7,1300679.6,213,7.16E-05,426,,,,2.8406
PH36b S35 1/2,1/4-1/7/2020,4.996,3.75,5.35643,0.502,973689.31,4,1005036.4,217,1.55E-04,435,,,,2.6084
PH38b S35 1/2,1/7-1/10/20,3.165,1.919,2.74071,0.295,498205.88,16,565528.3,108,8.04E-05,216,,,,1.9628
PH40b S35 1/2,1/10-1/14/20,4.337,3.091,4.415,0.389,802556.82,12,882591.8,189,1.19E-04,377,,,,3.2861
PH42b S35 1/2,1/14-1/17/2020,5.192,3.946,5.63643,0.361,1024587.59,8,1091620.9,177,8.37E-05,354,,,,3.0445
PH44b S35 1/2,1/17-1/22/2020,9.561,8.315,11.87786,0.571,2159151.83,7,2282262.4,281,1.00E-04,561,,,,16.4518
PH44b S35 1/2,1/17-1/22/2020,4.304,3.058,4.36786,0.282,793987.22,68,1360682.6,167,4.95E-05,335,,,,16.4518
PH46b S35 1/2,1/22-1/27/2020,5.458,4.212,6.01643,0.316,1093663.83,8,1165216.4,145,5.61E-05,290,,,,6.1954
PH48b S35 1/2,1/27-1/30/2020,3.097,1.851,2.64357,0.171,480547.29,4,496018.1,109,5.39E-05,219,,,,4.0194
PH50b S35 1/2,1/30-2/3/2020,5.686,4.44,6.34214,0.527,1152872.03,6,1208991.3,189,1.18E-04,378,,,,2.8229
PH52b S35 1/2,2/3-2/6/2020,7.626,6.38,9.11357,0.286,1656661.14,7,1751120.7,333,7.77E-05,666,,4.34,,5.7445
PH52b S35 1/2,2/3-2/6/2020,4.544,3.298,4.71071,0.386,856311.64,51,1282594.4,244,1.05E-04,488,,4.34,,5.7445
PH54b S35 1/2,2/6-2/10/2020,5.911,4.665,6.66357,0.263,1211301.18,6,1270264.6,211,6.23E-05,421,,5.249,,3.2965
PH56b S35 1/2,2/10-2/13/2020,5.031,3.785,5.40643,0.238,982778.29,5,1022485.8,224,7.46E-05,448,,,,1.2310
PH58b S35 1/2,2/13-2/17/2020,10.129,8.883,12.68929,0.514,2306652.97,5,2399849.3,350,1.07E-04,701,,,,5.8364
PH58b S35 1/2,2/13-2/17/2020,6.577,5.331,7.615,0.311,1384251.46,40,1900328.6,277,6.49E-05,555,,,,5.8364
PH60b S35 1/2,2/17-2/20/2020,6.688,5.442,7.77357,0.26,1413076.51,5,1470169.4,324,8.20E-05,649,,,,5.1681
PH62b S35 1/2,2/20-2/24/2020,7.674,6.428,9.18214,0.465,1669126.03,5,1736564.2,277,1.06E-04,554,,,,6.0787
PH64b S35 1/2,2/24-2/27/2020,6.96,5.714,8.16214,0.387,1483710.86,4,1531477.6,308,1.11E-04,617,,,,2.8510
PH66b S35 1/2,2/27-3/2/2020,5.847,4.601,6.57214,0.347,1194681.34,12,1313821,253,9.56E-05,507,,3.327,,16.4518
PH68b S35 1/2,3/2-3/5/2020,4.674,3.428,4.89643,0.299,890070.71,9,955845.3,184,8.24E-05,369,,3.755,,16.4518
PH70b S35 1/2,3/5-3/9/2020,2.725,1.479,2.11214,0.319,383944.43,9,412317.2,72,8.00E-05,145,,1.716,,16.4518
PH72b S35 1/2,3/9-3/12/2020,2.859,1.613,2.30357,0.298,418742.24,6,439125.7,86,8.36E-05,173,,1.401,,16.4518
PH74b S35 1/2,3/12-3/16/2020,5.256,4.01,5.72786,0.428,1041207.44,6,1091891.1,175,9.79E-05,350,,1.821,,16.4518
PH76b S35 1/2,3/16-3/19/2020,5.949,4.703,6.71786,0.429,1221169.22,15,1375247.9,284,1.27E-04,569,,2.123,,16.4518
UH78b S35 1/2,3/19-3/23/2020,3.268,2.022,2.88786,0.639,524953.44,23,629866.7,102,1.47E-04,203,,0.859,,16.4518
UH80b S35 1/2,3/23-3/28/2020,5.811,4.565,6.52071,0.39,1185332.67,20,1388823.7,175,7.03E-05,350,,3.402,,16.4518
UH82b S35 1/2,3/28-3/30/2020,5.577,4.331,6.18643,0.295,1124566.36,6,1179307.7,363,1.30E-04,725,,2.776,,16.4518
UH84b S35 1/2,3/30-4/2/2020,4.553,3.307,4.72357,0.339,858648.81,14,959357.3,193,9.75E-05,386,,4.087,,16.4518
UH86b S35 1/2,4/2-4/11/2020,8.434,7.188,10.26786,0.323,1866486.71,12,2052622.2,143,3.21E-05,286,,4.91,,16.4518
UH88b S35 1/2,4/11-4/13/2020,2.416,1.17,1.67071,0.324,303701.73,4,313479.1,100,1.47E-04,199,,,,16.4518
UH90b S35 1/2,4/13-4/16/2020,4.002,2.756,3.93643,0.144,715562.31,11,780712.7,159,4.20E-05,319,,,,16.4518
UH92b S35 1/2,4/16-4/20/2020,5.319,4.073,5.81786,0.324,1057567.6,7,1117868,174,7.22E-05,349,,,,16.4518
UH92b S35 1/2,4/16-4/20/2020,4.128,2.882,4.11643,0.236,748282.64,32,964176.7,150,5.26E-05,301,,,,16.4518
UH94b S35 1/2,4/20-4/23/2020,3.756,2.51,3.585,0.2,651679.78,72,1152760.1,232,5.75E-05,464,,,,16.4518
UH96b S35 1/2,4/23-4/27/2020,3.715,2.469,3.52643,0.221,641032.69,68,1098559.3,175,5.03E-05,350,,,,16.4518
UH98b S35 1/2,4/27-5/4/2020,4.168,2.922,4.17357,0.254,758670.04,81,1441188.2,122,3.07E-05,244,,,,16.4518
UH100b S35 1/2,5/4-5/17/2020,9.572,8.326,11.89357,0.283,2162008.36,80,4074598.2,181,1.79E-05,362,,,,16.4518
UH102b S35 1/2,5/18-5/27/2020,5.623,4.377,6.25214,0.415,1136511.87,61,1842616.2,127,4.07E-05,253,,,,16.4518
UH103b S35 1/2,5/27-6/2/2020,4.167,2.921,4.17214,0.296,758410.36,65,1269189.7,56,1.88E-05,113,,,,16.4518
UH104b S35 1/2,6/2-6/17/2020,17.218,15.972,22.81643,0.324,4147560.69,32,5344212.5,226,1.95E-05,451,,,,16.4518
UH104b S35 1/2,6/2-6/17/2020,17.259,16.013,22.875,0.521,4158207.78,33,5400543.9,228,3.14E-05,456,,,,16.4518
UH105b S35 1/2,6/17-6/28/2020,9.588,8.342,11.91643,0.37,2166163.32,15,2439474.8,130,2.82E-05,261,,,,16.4518
UH106b S35 1/2,6/28-7/2/2020,5.483,4.237,6.05214,0.281,1100155.96,10,1190851.7,189,6.36E-05,377,,,,16.4518
UH107b S35 1/2,7/2-7/6/2020,5.824,4.578,6.53929,0.288,1188708.58,7,1256486.4,204,6.68E-05,408,,,,16.4518
UH108b S35 1/2,7/6-7/10/2020,6.922,5.676,8.10786,0.286,1473842.83,10,1595344.9,230,5.90E-05,460,,,,16.4518
UH109b S35 1/2,7/10-7/13/2020,4.097,2.851,4.07214,0.168,740232.4,13,820526.4,133,3.90E-05,266,,,,16.4518
UH110b S35 1/2,7/13-7/17/2020,6.198,4.952,7.07357,0.272,1285830.81,11,1402902.9,207,5.74E-05,415,,,,16.4518
UH111b S35 1/2,7/17-7/24/2020,7.626,6.38,9.11357,0.379,1656661.14,13,1836361.3,158,4.65E-05,315,,,,16.4518
UH112b S35 1/2,7/24-7/30/2020,6.872,5.626,8.03643,0.197,1460858.57,8,1556434.7,170,3.07E-05,339,,,,16.4518
UH112b S35 1/2,7/24-7/30/2020,5.377,4.131,5.90071,0.391,1072629.34,27,1328430.8,145,6.08E-05,289,, ,,16.4518
UH113b S35 1/2,7/30-8/7/2020,7.118,5.872,8.38786,0.236,1524741.11,32,1964658.5,141,2.42E-05,283,,,,16.4518
UH114b S35 1/2,8/7-8/14/2020,9.263,8.017,11.45214,0.366,2081765.66,25,2537700.8,226,4.65E-05,451,,,,16.4518
UH114b S35 1/2,8/7-8/14/2020,4.983,3.737,5.33786,0.366,970313.4,74,1743802.9,155,4.65E-05,310,,,,16.4518
UH115b S35 1/2,8/14-8/21/2020,6.563,5.317,7.595,0.308,1380615.87,18,1592205.2,141,3.90E-05,282,,,,16.4518
UH116b S35 1/2,8/21-8/27/2020,4.328,3.082,4.40214,0.3,800219.66,12,880021.6,92,4.50E-05,185,,,,16.4518
UH117b S35 1/2,8/27-9/8/2020,20.703,19.457,27.795,0.539,5052563.29,16,5735314.6,294,3.95E-05,589,,12.923,,16.4518
UH117b S35 1/2,8/27-9/8/2020,20.765,19.518,27.883,0.453,5068559.89,18,5845353.1,300,3.32E-05,600,,12.923,,16.4518
UH117b S35 1/2,8/27-9/8/2020,12.023,10.777,15.395,0.453,2798496.56,55,4326569,222,3.32E-05,444,,12.923,,16.4518
UH118b S35 1/2,9/8-9/11/2020,4.91,3.664,5.23357,0.384,951356.39,10,1029785.3,214,1.14E-04,428,,4.515,,16.4518
UH119b S35 1/2,9/11-9/14/2020,5.691,4.445,6.34929,0.362,1154170.46,8,1229681.7,249,1.05E-04,497,,5.654,,16.4518
UH119b S35 1/2,9/11-9/14/2020,4.67,3.424,4.89071,0.346,889031.97,32,1145535,232,9.99E-05,463,,5.654,,16.4518
UH120b S35 1/2,9/14-9/17/2020,5.353,4.107,5.86643,0.242,1066396.89,5,1109482.8,234,7.30E-05,468,,4.236,,16.4518
UH121b S35 1/2,9/17-9/21/2020,3.864,2.618,3.73929,0.201,679725.77,27,841827.3,133,4.54E-05,266,,4.275,,16.4518
UH122b S35 1/2,9/21-9/25/2020,4.245,2.999,4.28357,0.199,778665.79,25,949204.2,147,4.40E-05,294,,3.814,,
UH123b S35 1/2,9/25-9/28/2020,5.056,3.81,5.44214,0.342,989270.42,22,1177612.9,227,9.44E-05,455,,5.801,,
UH124b S35 1/2,9/28-10/2/2020,7.02,5.774,8.24786,0.408,1499291.97,14,1675139.6,245,8.54E-05,491,, ,,16.4518
UH125b S35 1/2,10/2-10/6/2020,5.286,4.04,5.77071,0.389,1048997.99,11,1144506.9,197,9.55E-05,394,,3.902,,16.4518
UH126  S35 1/2,10/6-10/9/2020,6.361,5.115,7.30643,0.339,1328159.48,11,1449085.5,270,9.02E-05,540,,4.35,,
UH126  S35 1/2,10/6-10/9/2020,5.868,4.622,6.60214,0.238,1200134.72,21,1417350.3,264,6.34E-05,528,,4.35,,
UH127b S35 1/2,10/9-10/12/2020,3.917,2.671,3.815,0.219,693489.08,6,727246.6,153,6.56E-05,305,,2.17,,16.4518
UH128b S35 1/2,10/12-10/16/2020,5.195,3.949,5.64071,0.22,1025366.65,11,1118724,171,4.81E-05,342,,2.17,,16.4518
UH129b S35 1/2,10/16-10/20/2020,4.258,3.012,4.30214,0.25,782041.7,8,833206.5,132,5.68E-05,265,, ,,16.4518
UH130b S35 1/2,10/20-10/23/2020,3.536,2.29,3.27071,0.257,594549.05,10,643563.1,138,7.85E-05,275,, ,,16.4518
UH131b S35 1/2,10/23-10/27/2020,9.677,8.431,12.04357,0.467,2189275.3,8,2332507.9,338,9.67E-05,676,, ,,16.4518
UH132b S35 1/2,10/27-10/30/2020,5.89,4.644,6.63357,0.333,1205847.8,15,1357993.3,284,9.95E-05,568,, ,,16.4518
UH133b S35 1/2,10/30-11/3/2020,5.953,4.707,6.72357,0.35,1222207.96,12,1344092.7,214,7.95E-05,427,, ,,16.4518
,,,,,,,,,,,,,,,
OC1,8/22-9/4/2019,16.363,15.117,21.59500,0.610,3925529.93,18,4527145.6,215,4.139E-05,430,,,,8.7438
OC2 S35 1/2,9/4-9/14/2019,8.128,6.882,9.83071,0.472,1787023.07,15,2012497.3,123,4.111E-05,245,,,,4.2142
OC3 S35 1/2,9/19-9/25/2019,9.117,7.871,11.24357,0.370,2043851.64,20,2394728.2,140,3.100E-05,281,,,,2.0842
OC4 S35 1/2,9/25-10/3/2019,11.561,10.315,14.73500,0.466,2678522.04,12,2945637.8,232,5.241E-05,464,,,,1.0250
OC5c S35 1/2,10/3-10/13/2019,18.478,17.232,24.61643,0.608,4474763.93,21,5284663.4,324,5.320E-05,647,,,,0.4245
OC6c S35 1/2,10/13-10/20/2019,13.798,12.552,17.93071,0.481,3259437.63,12,3584485.2,316,6.055E-05,632,,,,1.0470
OC7c S35 1/2,10/20-10/26/2019,11.827,10.581,15.11500,0.392,2747598.28,10,2974107.5,307,5.774E-05,613,,,,2.0842
OC8c S35 1/2,10/26-11/2/2019,14.767,13.521,19.31500,0.374,3511072.49,12,3861214.3,330,4.569E-05,660,,,,4.2142
OC9c S35 1/2,11/2-11/9/2019,14.374,13.128,18.75357,0.569,3409016.25,12,3748980.5,330,7.146E-05,659,,,,8.5524
OC10c S35 1/2,11/9-11/13/2019,6.969,5.723,8.17500,0.294,1486048.03,6,1558385.5,254,6.846E-05,508,,,,
OC11c S35 1/2,11/13-11/17/2019,4.664,3.418,4.88214,0.622,887473.85,7,938075.9,144,1.360E-04,287,,,,
OC12c S35 1/2,11/17-11/21/2019,5.267,4.021,5.74357,0.288,1044063.97,10,1130135.6,174,6.329E-05,348,,,,
OC13c S35 1/2,11/21-11/25/2019,5.086,3.840,5.48500,0.304,997060.97,16,1131793.5,179,6.883E-05,359,,,,
OC14c S35 1/2,11/25-11/29/2019,5.098,3.852,5.50214,0.304,1000177.19,12,1099919.9,160,6.326E-05,320,,,,
OC15c S35 1/2,11/29-12/3/2019,3.387,2.141,3.05786,0.261,555855.97,13,616150.4,95,5.779E-05,191,,,,
OC16c S35 1/2,12/3-12/6/2019,2.969,1.723,2.46071,0.183,447307.60,11,488034.0,103,5.529E-05,206,,,,
OC17c S35 1/2,12/6-12/10/2019,3.719,2.473,3.53214,0.242,642071.43,16,728834.3,109,5.181E-05,218,,,,
OC18c S35 1/2,12/10-12/13/2019,2.644,1.398,1.99643,0.307,362909.94,11,395952.1,87,9.682E-05,175,,,,
OC19c S35 1/2,12/13-12/17/2019,5.060,3.814,5.44786,0.235,990309.16,12,1089067.8,163,5.012E-05,325,,,,
OC20c S35 1/2,12/17-12/20/2019,6.260,5.014,7.16214,0.340,1301931.29,20,1525439.3,312,9.937E-05,624,,,,
OC20c S35 1/2,12/17-12/20/2019,2.644,1.398,1.99643,0.340,362909.94,98,788773.8,161,9.937E-05,323,,,,
OC21c S35 1/2,12/20-12/24/2019,6.312,5.066,7.23643,0.157,1315434.91,18,1517034.8,243,3.596E-05,486,,,,
OC22c S35 1/2,12/24-12/30/2019,5.682,4.436,6.33643,0.584,1151833.29,12,1266699.9,126,8.299E-05,252,,,,
OC23c S35 1/2,12/30-1/6/2020,9.429,8.183,11.68929,0.394,2124873.39,12,2336776.5,207,4.996E-05,415,,,,
OC24c S35 1/2,1/6-1/13/2020,6.392,5.146,7.35071,0.222,1336209.72,19,2336776.5,210,2.851E-05,420,,,,
OC25c S35 1/2,1/13-1/17/2020,5.735,4.489,6.41214,0.330,1165596.60,10,1261687.2,186,6.963E-05,373,,,,
OC26c S35 1/2,1/17-1/22/2020,7.369,6.123,8.74643,0.338,1589922.07,12,1748477.1,224,6.185E-05,448,,,,
OC27c S35 1/2,1/22-1/27/2020,5.563,4.317,6.16643,0.376,1120930.77,11,1222989.0,146,6.406E-05,292,,,,
OC28c S35 1/2,1/27-1/30/2020,3.299,2.053,2.93214,0.207,533003.68,10,576944.0,125,6.401E-05,250,,,,
OC29c S35 1/2,1/30-2/3/2020,5.632,4.386,6.26500,0.411,1138849.04,13,1262381.5,184,8.553E-05,368,,,,
OC30c S35 1/2,2/3-2/6/2020,5.411,4.165,5.94929,0.242,1081458.63,6,1134101.6,252,7.682E-05,504,,,,
OC31c S35 1/2,2/6-2/10/2020,6.566,5.320,7.59929,0.207,1381394.93,8,1471772.2,215,4.314E-05,429,,,,
OC32c S35 1/2,2/10-2/13/2020,4.726,3.480,4.97071,0.365,903574.33,9,970346.8,215,1.157E-04,431,,,,
OC33c S35 1/2,2/13-2/17/2020,7.787,6.541,9.34357,0.443,1698470.44,7,1795313.9,260,9.155E-05,519,,,,
OC34c S35 1/2,2/17-2/24/2020,11.359,10.113,14.44643,0.240,2626065.65,12,2887950.1,252,2.991E-05,504,,,,
OC35c S35 1/2,2/24-2/27/2020,5.229,3.983,5.68929,0.393,1034195.94,11,1128357.2,258,1.285E-04,516,,3.198,,
OC36c S35 1/2,2/27-3/2/2020,6.724,5.478,7.82500,0.547,1422425.18,7,1503529.1,217,1.130E-04,435,,7.463,,
OC37c S35 1/2,3/2-3/5/2020,4.146,2.900,4.14214,0.127,752956.97,11,821512.0,184,4.067E-05,368,,3.39,,
OC38c S35 1/2,3/5-3/9/2020,3.201,1.955,2.79214,0.182,507554.54,9,545061.9,83,3.966E-05,166,,,,
OC39c S35 1/2,3/9-3/12/2020,2.826,1.580,2.25643,0.247,410172.63,10,443986.8,93,7.358E-05,185,,,,
OC40c S35 1/2,3/12-3/16/2020,4.634,3.388,4.83929,0.442,879683.30,18,1014501.1,149,9.283E-05,298,,,,
OC41c S35 1/2,3/16-3/19/2020,1.997,0.751,1.07214,0.145,194893.67,179,804672.4,176,4.527E-05,352,,3.364,,
OC41c S35 1/2,3/16-3/19/2020,2.046,0.800,1.14214,0.217,207618.24,185,898936.3,196,6.776E-05,393,,3.364,,
OC42c S35 1/2,3/19-3/23/2020,1.984,0.738,1.05357,0.165,191517.77,137,566938.6,84,3.503E-05,169,,,,
OC43c S35 1/2,3/23-3/26/2020,4.510,3.264,4.66214,0.324,847482.35,32,1091997.5,236,9.982E-05,471,,,,
OC44c S35 1/2,3/26-3/28/2020,3.372,2.126,3.03643,0.256,551960.70,7,583432.4,155,9.703E-05,310,,,,
OC45c S35 1/2,3/28-3/30/2020,2.798,1.552,2.21643,0.253,402901.44,92,835045.9,275,1.189E-04,550,,,,
OC46c S35 1/2,3/30-4/2/2020,2.445,1.199,1.71214,0.162,311232.60,91,639965.1,143,5.188E-05,287,,,,
OC47c S35 1/2,4/2-4/6/2020,6.027,4.781,6.82929,0.316,1241424.66,18,1431681.9,211,6.656E-05,422,,,,
OC47c S35 1/2,4/2-4/6/2020,4.705,3.459,4.94071,0.251,898120.94,35,1185077.7,175,5.287E-05,349,,,,
OC47c S35 1/2,4/2-4/6/2020,4.077,2.831,4.04357,0.221,735038.70,47,1066611.6,157,4.655E-05,315,,,,
OC48c S35 1/2,4/6-4/9/2020,2.992,1.746,2.49357,0.276,453280.35,15,510472.1,106,8.192E-05,212,,,,
OC49c S35 1/2,4/9-4/13/2020,3.590,2.344,3.34786,0.192,608572.05,12,669261.9,99,4.044E-05,197,,,,
OC50c S35 1/2,4/13-4/16/2020,3.242,1.996,2.85071,0.157,518201.63,112,1258395.5,265,4.715E-05,529,,,,
OC51c S35 1/2,4/16-4/20/2020,3.545,2.299,3.28357,0.310,596886.22,108,1404263.4,209,6.596E-05,418,,,,
OC52c S35 1/2,4/20-4/23/2020,4.296,3.050,4.35643,0.394,791909.73,0,791909.7,173,1.228E-04,345,,,,
OC53c S35 1/2,4/25-4/27/2020,2.900,1.654,2.36214,0.120,429389.33,99,940687.1,141,2.577E-05,283,,,,
OC54c S35 1/2,4/27-5/4/2020,5.025,3.779,5.39786,0.677,981220.18,67,1668281.9,146,8.471E-05,292,,,,
OC55c S35 1/2,5/4-5/11/2020,7.730,6.484,9.26214,0.221,1683668.39,89,3407587.9,302,2.802E-05,605,,,,
OC55c S35 1/2,5/4-5/11/2020,6.211,4.965,7.09214,0.292,1289206.72,108,3033050.1,269,3.702E-05,538,,,,
OC56c S35 1/2,5/11-5/19/2020,7.000,5.754,8.21929,0.366,1494098.27,53,2273617.1,176,4.054E-05,353,,,,
,,,,,,,,,,,,,,,
UH31b S35 2/1 coarse,9/11-9/13/2019,1.747,0.501,0.71500,0.180,129972.40,13,144070.7,45,8.053E-05,90,,,,
UH32b S35 2/1 coarse,9/13-9/17/2019,2.482,1.236,1.76500,0.296,320840.95,7,339134.7,56,6.962E-05,112,,,,
UH33b S35 2/1 coarse,9/17-9/24/2019,3.043,1.797,2.56643,0.198,466524.30,10,504984.1,45,2.512E-05,90,,,,
UH36b S35 2/1 coarse,9/24-9/27/2019,5.003,3.757,5.36643,0.327,975507.11,10,1055926.9,200,8.831E-05,399,,,,
UH37b S35 2/1 coarse,9/27-9/30/2019,2.665,1.419,2.02643,0.154,368363.32,13,408320.2,87,4.665E-05,173,,,,
UH39b S35 2/1 coarse,9/30-10/3/2019,2.819,1.573,2.24643,0.252,408354.83,11,445534.6,97,7.842E-05,194,,,,
UH40b S35 2/1 coarse,10/3-10/7/2019,3.627,2.381,3.40071,0.363,618180.40,12,679828.5,112,8.540E-05,224,,,,
UH41b S35 2/1 coarse,10/7-10/10/2019,2.776,1.530,2.18500,0.228,397188.37,27,491910.1,110,7.283E-05,220,,,,
UH43b S35 2/1 coarse,10/10-10/14/2019,4.298,3.052,4.35929,0.261,792429.11,21,935853.0,163,6.483E-05,325,,,,
UH45b S35 2/1 coarse,10/14-10/18/2019,4.340,3.094,4.41929,0.154,803335.88,17,919142.8,150,3.582E-05,299,,,,
UH47b S35 2/1 coarse,10/18-10/22/2019,3.095,1.849,2.64071,0.232,480027.92,15,540594.5,111,6.787E-05,221,,,,
UH49b->a S35 2/1 coarse,10/22-10/25/2019,2.100,0.854,1.21929,0.122,221641.24,33,287860.4,99,5.966E-05,197,,,,
PH1a S35 2/1 coarse,10/25-10/28/2019,2.100,0.854,1.21929,0.297,221641.24,7,234278.8,52,9.355E-05,103,,,,
PH3a S35 2/1 coarse,10/28-11/1/2019,3.608,2.362,3.37357,0.085,613246.38,13,679766.0,100,1.790E-05,200,,,,
PH5a S35 2/1 coarse,11/1-11/5/2019,4.351,3.105,4.43500,0.491,806192.42,11,879594.4,143,1.142E-04,286,,,,
PH7a S35 2/1 coarse,11/5-11/8/2019,2.835,1.589,2.26929,0.323,412509.79,19,479513.4,94,9.085E-05,189,,,,
PH9a S35 2/1 coarse,11/8-11/12/19,3.302,2.056,2.93643,0.327,533782.74,14,596388.6,94,7.329E-05,187,,,,
PH15a S35 2/1 coarse,11/22-11/30/2019,4.764,3.518,5.02500,0.394,913442.37,36,1214880.3,95,4.381E-05,189,,,,
PH17a S35 2/1 coarse,11/30-12/5/2019,3.124,1.878,2.68214,0.262,487558.79,31,623272.0,80,4.796E-05,160,,,,
PH19a S35 2/1 coarse,12/5-12/9/19,2.867,1.621,2.31500,0.216,420819.72,9,451917.5,70,4.774E-05,140,,,,
PH21a S35 2/1 coarse,12/9-12/12/19,3.008,1.762,2.51643,0.343,457435.32,26,562054.7,116,1.012E-04,232,,,,
PH23a S35 2/1 coarse,12/12-12/16/19,2.857,1.611,2.30071,0.501,418222.87,27,517961.0,80,1.106E-04,160,,,,
PH25a S35 2/1 coarse,12/17-12/20/2019,3.253,2.007,2.86643,0.207,521058.17,40,715319.3,138,5.712E-05,276,,,,
PH27a S35 2/1 coarse,12/20-12/24/2019,3.614,2.368,3.38214,0.270,614804.49,9,660237.4,104,6.071E-05,208,,,,
PH29a S35 2/1 coarse,12/24-12/27/2019,2.879,1.633,2.33214,0.325,423935.94,12,466213.0,96,9.585E-05,193,,,,
PH31a S35 2/1 coarse,12/27-12/31/2019,2.498,1.252,1.78786,0.210,324995.91,38,439148.0,70,4.810E-05,141,,,,
PH33a S35 2/1 coarse,12/31-1/4/2020,2.949,1.703,2.43214,0.286,442113.90,18,509871.0,84,6.693E-05,167,,,,
PH35a S35 2/1 coarse,1/4-1/7/2020,2.975,1.729,2.46929,0.374,448865.71,5,467001.4,101,1.155E-04,202,,,,
PH37a S35 2/1 coarse,1/7-1/10/2020,1.981,0.735,1.04929,0.166,190738.71,26,234362.3,45,4.524E-05,89,,,,
PH39a S35 2/1 coarse,1/10-1/14/2020,2.878,1.632,2.33071,0.268,423676.25,20,496410.5,81,6.214E-05,161,,,,
PH41a S35 2/1 coarse,1/14-1/17/2020,3.779,2.533,3.61786,0.230,657652.53,10,711868.7,152,7.017E-05,304,,,,
PH43a S35 2/2 coarse,1/17-1/22/2020,6.477,5.231,7.47214,0.109,1358282.95,9,1458657.5,179,1.914E-05,359,,,,
PH47a S35 2/2 coarse,1/27-1/30/2020,2.090,0.844,1.20500,0.193,219044.39,14,244735.5,54,6.086E-05,108,,,,
PH49a S35 2/2 coarse,1/30-2/3/2020,2.536,1.290,1.84214,0.180,334863.95,7,353957.2,55,4.019E-05,111,,,,
PH51a S35 2/2 coarse,2/3-2/6/2020,3.035,1.789,2.55500,0.258,464446.81,8,494833.1,94,7.010E-05,188,,,,
PH53a S35 2/2 coarse,2/6-2/10/2020,3.623,2.377,3.39500,0.295,617141.66,14,689524.4,114,6.986E-05,229,,,,
PH55a S35 2/2 coarse,2/10-2/13/2020,3.344,2.098,2.99643,0.258,544689.51,6,571203.8,125,8.082E-05,250,,,,
PH57a S35 2/2 coarse,2/13-2/17/2020,4.518,3.272,4.67357,0.255,849559.83,6,890914.5,130,5.318E-05,260,,,,
PH59a S35 2/2 coarse,2/17-2/20/2020,4.137,2.891,4.12929,0.262,750619.80,6,787158.3,174,8.256E-05,347,,,,
PH61a S35 2/2 coarse,2/20-2/24/2020,3.621,2.375,3.39214,0.124,616622.29,8,656964.6,105,2.825E-05,210,,,,
,,,,,,,,,,,,,,,
UH31b S35 2/2 fine,9/11-9/13/2019,4.114,2.868,4.09643,0.857,744647.05,10,806035.0,252,3.834E-04,505,,,,
UH32b S35 2/2 fine,9/13-9/17/2019,5.659,4.413,6.30357,0.347,1145860.54,9,1230537.5,203,8.161E-05,405,,,,
UH33b S35 2/2 fine,9/17-9/24/2019,7.534,6.288,8.98214,0.537,1632770.11,15,1838781.7,163,6.812E-05,327,,,,
UH36b S35 2/2 fine,9/24-9/27/2019,7.251,6.005,8.57786,0.683,1559279.23,7,1648186.3,312,1.844E-04,623,,,,
UH37b S35 2/2 fine,9/27-9/30/2019,5.023,3.777,5.39500,0.271,980700.81,8,1044862.8,222,8.209E-05,443,,,,
UH39b S35 2/1 fine,9/30-10/3/2019,5.257,4.011,5.72929,0.086,1041467.12,11,1136290.4,248,2.676E-05,495,,,,
UH40b S35 2/2 fine,10/3-10/7/2019,8.498,7.252,10.35929,0.110,1883106.56,13,2087369.6,344,2.588E-05,687,,,,
UH41b S35 2/2 fine,10/7-10/10/2019,5.602,4.356,6.22214,0.332,1131058.49,14,1263717.1,283,1.060E-04,565,,,,
UH43b S35 2/2 fine,10/10-10/14/2019,8.823,7.577,10.82357,0.420,1967504.22,23,2360715.0,410,1.043E-04,821,,,,
UH45b S35 2/2 fine,10/14-10/18/2019,9.048,7.802,11.14500,0.781,2025933.37,20,2373733.8,386,1.816E-04,773,,,,
UH47b S35 2/2 fine,10/18-10/22/2019,3.721,2.475,3.53500,0.250,642590.80,7,679230.1,139,7.314E-05,278,,,,
PH1a S35 2/2 fine,10/25-10/28/2019,7.681,6.435,9.19214,0.520,1670943.82,19,1942353.9,428,1.638E-04,857,,,,
PH3a S35 2/2 fine,10/28-11/1/2019,15.333,14.087,20.12357,0.766,3658054.26,12,4022853.9,593,1.613E-04,1186,,,,
PH5a S35 2/2 fine,11/1-11/5/2019,8.343,7.097,10.13786,0.323,1842855.36,22,2193707.9,357,7.513E-05,714,,,,
PH7a S35 2/2 fine,11/5-11/8/2019,7.747,6.501,9.28643,0.288,1688083.04,11,1841779.3,363,8.101E-05,725,,,,
PH9a S35 2/2 fine,11/8-11/12/2019,5.352,4.106,5.86500,0.327,1066137.21,45,1522749.7,239,7.329E-05,478,,,,
PH11a S35 2/2 fine,11/12-11/15/2019,4.221,2.975,4.24929,0.227,772433.35,44,1094551.2,226,6.693E-05,452,,,,
PH13a S35 2/2 fine,11/15-11/22/19,7.697,6.451,9.21500,0.310,1675098.79,38,2263463.3,202,3.958E-05,405,,,,
PH15a S35 2/2 fine,11/22-11/30/19,5.134,3.888,5.55357,0.249,1009525.85,34,1321566.7,206,2.769E-05,411,,,,
PH17a S35 2/2 fine,11/30-12/5/2019,3.935,2.689,3.84071,0.261,698163.41,40,958452.9,123,4.778E-05,246,,,,
PH19a S35 2/2 fine,12/5-12/9/19,4.141,2.895,4.13500,0.334,751658.54,11,820095.4,127,7.382E-05,254,,,,
PH21a S35 2/2 fine,12/9-12/12/19,2.693,1.447,2.06643,0.296,375634.51,34,491741.8,102,8.732E-05,203,,,,
PH23a S35 2/2 fine,12/12-12/16/19,3.823,2.577,3.68071,0.151,669078.68,32,862120.9,133,3.334E-05,266,,,,
PH25a S35 2/2 fine,12/17-12/20/19,7.602,6.356,9.07929,0.350,1650428.70,31,2109829.7,408,9.657E-05,815,,,,
PH27a S35 2/2 fine,12/20-12/24/19,6.354,5.108,7.29643,0.320,1326341.69,42,1849906.7,291,7.195E-05,582,,,,
PH29a S35 2/2 fine,12/24-12/27/19,4.208,2.962,4.23071,0.572,769057.45,45,1098434.6,227,1.687E-04,454,,,,
PH31a S35 2/2 fine,12/27-12/31/19,5.249,4.003,5.71786,0.281,1039389.64,46,1496353.3,240,6.436E-05,480,,,,
PH33a S35 2/2 fine,12/31-1/4/2020,5.064,3.818,5.45357,0.369,991347.90,47,1438540.9,236,8.636E-05,471,,,,
PH35a S35 2/2 fine,1/4-1/7/2020,4.175,2.929,4.18357,0.177,760487.84,44,1077624.3,233,5.466E-05,466,,,,
PH37a S35 2/2 fine,1/7-1/10/20,2.627,1.381,1.97214,0.185,358495.29,47,520211.0,99,5.041E-05,198,,,,
PH39a S35 2/2 fine,1/10-1/14/2020,4.154,2.908,4.15357,0.301,755034.45,45,1078405.7,175,6.979E-05,350,,,,
PH43a S35 2/2 fine,1/17-1/22/2020,8.836,7.590,10.84214,0.333,1970880.12,8,2099824.3,258,5.849E-05,516,,,,
PH45a S35 2/2 fine,1/22-1/27/2020,4.358,3.112,4.44500,0.257,808010.21,36,1074655.3,134,4.564E-05,267,,,,
PH47a S35 2/2 fine,1/27-1/30/20,3.153,1.907,2.72357,0.277,495089.66,37,663707.2,147,8.735E-05,293,,,,
PH49a S35 2/2 fine,1/30-2/3/20,4.828,3.582,5.11643,0.230,930062.21,35,1227224.4,271,7.253E-05,542,,,,
PH51a S35 2/2 fine,2/3-2/6/2020,7.195,5.949,8.49786,0.245,1544736.86,43,2171647.1,413,6.657E-05,826,,1.913,,
PH53a S35 2/2 fine,2/6-2/10/20,7.027,5.781,8.25786,0.344,1501109.76,7,1586700.1,263,8.146E-05,526,,,,
PH55a S35 2/2 fine,2/10-2/13/20,5.012,3.766,5.37929,0.295,977844.27,22,1164011.4,255,9.241E-05,510,,,,
PH57a S35 2/2 fine,2/13-2/17/2020,3.907,2.661,3.80071,0.283,690892.23,137,2045207.0,299,5.902E-05,597,,,,
PH59a S35 2/2 fine,2/17-2/20/2020,5.786,4.540,6.48500,0.533,1178840.54,7,1246055.7,275,1.680E-04,550,,,,
PH63a S35 2/2 fine,2/24-2/27/2020,8.883,7.637,10.90929,0.491,1983085.32,16,2251059.0,453,1.412E-04,906,,,,
PH71a S35 2/2 fine,3/9-3/12/2020,2.897,1.651,2.35786,0.262,428610.27,7,453048.8,89,7.352E-05,178,,1.0315,,
PH73a S35 2/2 fine,3/12-3/16/2020,5.029,3.783,5.40357,0.379,982258.92,11,1071691.4,172,8.665E-05,343,,0.571,,
PH79a S35 2/2 fine,3/23-3/28/2020,6.544,5.298,7.56786,0.324,1375681.86,24,1663743.0,210,5.839E-05,420,,,,
PH81a S35 2/2 fine,3/28-3/30/2020,5.118,3.872,5.53071,0.347,1005370.89,17,1150302.7,354,1.524E-04,707,,1.478,,